<addon id="plugin.video.blamo" version="2.2.5" name="Death Streams" provider-name="MR.Blamo">
    <requires>        
		<import addon="xbmc.python" version="2.19.0"/>
        <import addon="script.module.pyxbmct" version="1.1.4"/>
        <import addon="script.module.urlresolver" version="3.0.0"/>
		<import addon="script.module.metahandler" version="1.0.0" />
		<import addon="script.module.futures"/>
        <import addon="script.module.myconnpy" version="1.1.6" />
        <import addon="script.module.deathstreams"/>
        <import addon="script.module.six"/>
        <import addon="script.module.dateutil"/>

        <import addon="script.module.image_cache" optional="true" />
    </requires>
    <extension point="xbmc.python.pluginsource" library="default.py">
        <provides>video</provides>
    </extension>
     <extension point="xbmc.service" library="service.py" start="startup"/>
    <extension point="xbmc.addon.metadata">
        <summary>Latest Version Made By MR.Blamo</summary>
        <description>Minor bug fixes - cleaned up a more files, Removed everything todo with TMDB cache and Revamped the DS image Thanks Scott, Fixed API keys. 
		Please if anyone is interested in helping me with this you can find me on twitter, Credit goes to TKNorris of SALTS!!	
        </description>
        <platform>all</platform>
	</extension>
</addon>