﻿<?xml version="1.0" encoding="UTF-8" standalone="yes"?>
<addon id="repository.deathstreams" name="Death Streams Addon Repository" version="1.0.2" provider-name="White Devil Team">
	<extension point="xbmc.addon.repository" name="Death Streams Add-on Repository">
		<dir>
			<info compressed="false">http://vegasbuild.srve.io/deathstreams/repo/files/addons.xml</info>
			<checksum>http://vegasbuild.srve.io/deathstreams/repo/files/addons.xml.md5</checksum>
			<datadir zip="true">http://vegasbuild.srve.io/deathstreams/repo/files/</datadir>
		</dir>		
	</extension>
	<extension point="xbmc.addon.metadata">
		<summary lang="en">Install Add-ons from Death Streams </summary>
		<description lang="en">Download and install add-ons from Death Streams </description>
		<platform>all</platform>
	</extension>
</addon>

